{
    "dtype": "compas_fab.robots/JointTrajectoryPoint", 
    "value": {
        "accelerations": [
            -8.1098088537866171e-06, 
            -2.3809746925694477, 
            -0.57573201133490481, 
            2.9567067015069197, 
            6.0005036445718341e-09, 
            -8.1098070635890222e-06
        ], 
        "effort": [
            0.0, 
            0.0, 
            0.0, 
            0.0, 
            0.0, 
            0.0
        ], 
        "joint_names": [], 
        "time_from_start": {
            "nsecs": 850668473, 
            "secs": 2
        }, 
        "types": [
            0, 
            0, 
            0, 
            0, 
            0, 
            0
        ], 
        "values": [
            0.3801232187966011, 
            -1.1796893623772826, 
            2.1201056715282007, 
            -2.511952554291963, 
            -1.571091965893971, 
            1.9509194360437245
        ], 
        "velocities": [
            0.0, 
            0.0, 
            0.0, 
            0.0, 
            0.0, 
            0.0
        ]
    }
}